code_name,n_cycles,fnc,b_readout_flip,unique_id,name,decoder_id,prep,id_s,id_l,cnot,meas,bias,flip,leak,seep,back,corr,duration,bad_shots,shot_time,cycle_err,shots_err,mean_ground,mean_leaked,bp_converged,bp_iterations,n_shots,rand_seed,bp_method,bp_max_iterations,osd_method,osd_order,ms_scaling_factor,b_initial_state,leaked_population,decoder_noise_model
144.12.12,4,2,True,daa90789bebf4d6087cc39e38be5b453,"leaked init, no corr, medium errors, scan cycles",19e3e8dc6bba487dbefc68ecc744043a,0.001,0.001,0.005,0.001,0.02,0.005,0.0002,0.002,0.2,0.025,0.0,10462.755089,20,0.041851020356,2e-05,4.472091233416421e-06,0.9403189861111112,0.0006422013888888,0.991602,7.766966,250000,42,ms,200,osd_cs,7,0,True,0.0007,"{'prep': 0.001, 'id_s': 0.001, 'id_l': 0.005, 'cnot': 0.001, 'meas': 0.02, 'bias': None, 'flip': None, 'leak': None, 'seep': None, 'back': None, 'corr': None}"
144.12.12,4,2,True,50d788390d224e469cafa4d5ddfc0680,"leaked init, no corr, high seep, medium errors, scan cycles",19e3e8dc6bba487dbefc68ecc744043a,0.001,0.001,0.005,0.001,0.02,0.005,0.0002,0.002,0.5,0.025,0.0,10640.35203,16,0.04256140812,1.6e-05,3.999967999871999e-06,0.9409305972222224,0.0002389791666666,0.991984,7.593996,250000,42,ms,200,osd_cs,7,0,True,0.00028,"{'prep': 0.001, 'id_s': 0.001, 'id_l': 0.005, 'cnot': 0.001, 'meas': 0.02, 'bias': None, 'flip': None, 'leak': None, 'seep': None, 'back': None, 'corr': None}"
144.12.12,4,2,False,232dee72de08474e9a80b1d107011363,"leaked init, no corr, high seep, medium errors, scan cycles",19e3e8dc6bba487dbefc68ecc744043a,0.001,0.001,0.005,0.001,0.02,0.005,0.0002,0.002,0.5,0.025,0.0,11621.308822,31,0.046485235288,3.1e-05,5.56767806181356e-06,0.4999697986111112,0.0020027569444444,0.986634,9.335146,250000,42,ms,200,osd_cs,7,0,True,0.002,"{'prep': 0.001, 'id_s': 0.001, 'id_l': 0.005, 'cnot': 0.001, 'meas': 0.02, 'bias': None, 'flip': None, 'leak': None, 'seep': None, 'back': None, 'corr': None}"
144.12.12,6,2,True,af451f4ce9974b0584289faa866a4599,"leaked init, no corr, medium errors, scan cycles",050a4f52926545ed855f8f3ef3b98c25,0.001,0.001,0.005,0.001,0.02,0.005,0.0002,0.002,0.2,0.025,0.0,12269.465213,23,0.0736170857463429,2.3000092000368e-05,4.795795553894677e-06,0.9354015541062164,0.000656738738066,0.9842229368917476,11.7062358249433,166666,42,ms,200,osd_cs,7,0,True,0.0007,"{'prep': 0.001, 'id_s': 0.001, 'id_l': 0.005, 'cnot': 0.001, 'meas': 0.02, 'bias': None, 'flip': None, 'leak': None, 'seep': None, 'back': None, 'corr': None}"
144.12.12,6,2,True,d0cbadce24bb4629aef708e477e7bd3c,"leaked init, no corr, high seep, medium errors, scan cycles",050a4f52926545ed855f8f3ef3b98c25,0.001,0.001,0.005,0.001,0.02,0.005,0.0002,0.002,0.5,0.025,0.0,12232.741732,23,0.0733967439789759,2.3000092000368e-05,4.795795553894677e-06,0.9360161329534208,0.0002532649019484,0.985242940971764,11.3500594002376,166666,42,ms,200,osd_cs,7,0,True,0.00028,"{'prep': 0.001, 'id_s': 0.001, 'id_l': 0.005, 'cnot': 0.001, 'meas': 0.02, 'bias': None, 'flip': None, 'leak': None, 'seep': None, 'back': None, 'corr': None}"
144.12.12,4,2,False,3b646cd3d18d4a719ba5963ed2a98759,"leaked init, no corr, medium errors, scan cycles",19e3e8dc6bba487dbefc68ecc744043a,0.001,0.001,0.005,0.001,0.02,0.005,0.0002,0.002,0.2,0.025,0.0,15149.692493,64,0.060598769972,6.4e-05,7.99974399590387e-06,0.4996982083333334,0.0049868402777777,0.964156,14.906112,250000,42,ms,200,osd_cs,7,0,True,0.005,"{'prep': 0.001, 'id_s': 0.001, 'id_l': 0.005, 'cnot': 0.001, 'meas': 0.02, 'bias': None, 'flip': None, 'leak': None, 'seep': None, 'back': None, 'corr': None}"
144.12.12,6,2,False,703e724a9afb4862ae5bb8107043bbd6,"leaked init, no corr, high seep, medium errors, scan cycles",050a4f52926545ed855f8f3ef3b98c25,0.001,0.001,0.005,0.001,0.02,0.005,0.0002,0.002,0.5,0.025,0.0,15175.143294,42,0.0910512239688958,4.2000168000672006e-05,6.480630523401858e-06,0.5000850003400014,0.0019948621461152,0.9721508886035544,14.799743198972797,166666,42,ms,200,osd_cs,7,0,True,0.002,"{'prep': 0.001, 'id_s': 0.001, 'id_l': 0.005, 'cnot': 0.001, 'meas': 0.02, 'bias': None, 'flip': None, 'leak': None, 'seep': None, 'back': None, 'corr': None}"
144.12.12,8,2,True,8d24fe41ea964fb8bdff6ca99352822d,"leaked init, no corr, high seep, medium errors, scan cycles",c3cace7369764e43bbd3d2304e3e9435,0.001,0.001,0.005,0.001,0.02,0.005,0.0002,0.002,0.5,0.025,0.0,15883.554426,31,0.127068435408,3.1e-05,5.56767806181356e-06,0.933543777777778,0.0002614722222222,0.977864,14.947364,125000,42,ms,200,osd_cs,7,0,True,0.00028,"{'prep': 0.001, 'id_s': 0.001, 'id_l': 0.005, 'cnot': 0.001, 'meas': 0.02, 'bias': None, 'flip': None, 'leak': None, 'seep': None, 'back': None, 'corr': None}"
144.12.12,8,2,True,9508b8df6e3c4d448b4a03739623e87b,"leaked init, no corr, medium errors, scan cycles",c3cace7369764e43bbd3d2304e3e9435,0.001,0.001,0.005,0.001,0.02,0.005,0.0002,0.002,0.2,0.025,0.0,16320.394368,32,0.130563154944,3.2e-05,5.656763739100299e-06,0.9329420833333332,0.0006592013888888,0.976112,15.48542,125000,42,ms,200,osd_cs,7,0,True,0.0007,"{'prep': 0.001, 'id_s': 0.001, 'id_l': 0.005, 'cnot': 0.001, 'meas': 0.02, 'bias': None, 'flip': None, 'leak': None, 'seep': None, 'back': None, 'corr': None}"
144.12.12,10,2,True,6b834ab7e7c0428e8ce0a048733d2e12,"leaked init, no corr, high seep, medium errors, scan cycles",919e4a1fe07d4944bf6b9d7c1b523fb2,0.001,0.001,0.005,0.001,0.02,0.005,0.0002,0.002,0.5,0.025,0.0,19905.153635,34,0.1990515363499999,3.4e-05,5.830852767820501e-06,0.9321090902777776,0.0002648472222222,0.970685,18.27012,100000,42,ms,200,osd_cs,7,0,True,0.00028,"{'prep': 0.001, 'id_s': 0.001, 'id_l': 0.005, 'cnot': 0.001, 'meas': 0.02, 'bias': None, 'flip': None, 'leak': None, 'seep': None, 'back': None, 'corr': None}"
144.12.12,8,2,False,97789b2f997f4ce9a9095292c4b30879,"leaked init, no corr, high seep, medium errors, scan cycles",c3cace7369764e43bbd3d2304e3e9435,0.001,0.001,0.005,0.001,0.02,0.005,0.0002,0.002,0.5,0.025,0.0,21721.104126,57,0.1737688330079999,5.7e-05,7.54961926192308e-06,0.5001409583333333,0.0019959097222222,0.956876,20.104232,125000,42,ms,200,osd_cs,7,0,True,0.002,"{'prep': 0.001, 'id_s': 0.001, 'id_l': 0.005, 'cnot': 0.001, 'meas': 0.02, 'bias': None, 'flip': None, 'leak': None, 'seep': None, 'back': None, 'corr': None}"
144.12.12,10,2,True,46c1690ea8164444a01c628787d10c06,"leaked init, no corr, medium errors, scan cycles",919e4a1fe07d4944bf6b9d7c1b523fb2,0.001,0.001,0.005,0.001,0.02,0.005,0.0002,0.002,0.2,0.025,0.0,22512.319169,37,0.2251231916899999,3.7e-05,6.082649998150477e-06,0.9314900694444443,0.0006677152777777,0.96814,19.02641,100000,42,ms,200,osd_cs,7,0,True,0.0007,"{'prep': 0.001, 'id_s': 0.001, 'id_l': 0.005, 'cnot': 0.001, 'meas': 0.02, 'bias': None, 'flip': None, 'leak': None, 'seep': None, 'back': None, 'corr': None}"
144.12.12,6,2,False,b17e74b820334a43adaf2cfb8a12ba44,"leaked init, no corr, medium errors, scan cycles",050a4f52926545ed855f8f3ef3b98c25,0.001,0.001,0.005,0.001,0.02,0.005,0.0002,0.002,0.2,0.025,0.0,26046.512848,98,0.1562797022068088,9.8000392001568e-05,9.899049443732216e-06,0.4997437142526347,0.0050001866674133,0.9104766419065676,27.8250333001332,166666,42,ms,200,osd_cs,7,0,True,0.005,"{'prep': 0.001, 'id_s': 0.001, 'id_l': 0.005, 'cnot': 0.001, 'meas': 0.02, 'bias': None, 'flip': None, 'leak': None, 'seep': None, 'back': None, 'corr': None}"
144.12.12,12,2,True,7c087ad1f27942f5a636acc663202c39,"leaked init, no corr, high seep, medium errors, scan cycles",de22319cae0a44d8ae731b346ee83254,0.001,0.001,0.005,0.001,0.02,0.005,0.0002,0.002,0.5,0.025,0.0,28885.864093,37,0.3466317556430225,3.700014800059201e-05,6.082674328397657e-06,0.9311584676894265,0.0002666052330875,0.9635678542714172,21.40362761451046,83333,42,ms,200,osd_cs,7,0,True,0.00028,"{'prep': 0.001, 'id_s': 0.001, 'id_l': 0.005, 'cnot': 0.001, 'meas': 0.02, 'bias': None, 'flip': None, 'leak': None, 'seep': None, 'back': None, 'corr': None}"
144.12.12,12,2,True,0fc5a5ebb0a948a0b43209341e8fd89a,"leaked init, no corr, medium errors, scan cycles",de22319cae0a44d8ae731b346ee83254,0.001,0.001,0.005,0.001,0.02,0.005,0.0002,0.002,0.2,0.025,0.0,29906.053681,40,0.3588740796683187,4.0000160000640005e-05,6.324454125275941e-06,0.9305417430003052,0.0006677248931217,0.9602198408793636,22.36375745502982,83333,42,ms,200,osd_cs,7,0,True,0.0007,"{'prep': 0.001, 'id_s': 0.001, 'id_l': 0.005, 'cnot': 0.001, 'meas': 0.02, 'bias': None, 'flip': None, 'leak': None, 'seep': None, 'back': None, 'corr': None}"
144.12.12,10,2,False,d91e95c8c2ac4c4eaf1a03e38a57e2ab,"leaked init, no corr, high seep, medium errors, scan cycles",919e4a1fe07d4944bf6b9d7c1b523fb2,0.001,0.001,0.005,0.001,0.02,0.005,0.0002,0.002,0.5,0.025,0.0,30998.176837,56,0.3099817683699999,5.6e-05,7.483105237800682e-06,0.5003640208333334,0.0019932986111111,0.94286,24.88215,100000,42,ms,200,osd_cs,7,0,True,0.002,"{'prep': 0.001, 'id_s': 0.001, 'id_l': 0.005, 'cnot': 0.001, 'meas': 0.02, 'bias': None, 'flip': None, 'leak': None, 'seep': None, 'back': None, 'corr': None}"
144.12.12,14,2,True,997bf3fd610447008a185413db695b4a,"leaked init, no corr, medium errors, scan cycles",56ec53f9548d490a8e009cf4087563dc,0.001,0.001,0.005,0.001,0.02,0.005,0.0002,0.002,0.2,0.025,0.0,41829.987088,37,0.5856245042280338,3.700029600236802e-05,6.082698658839475e-06,0.9298946961020133,0.0006846165880438,0.9509646077168618,25.739898919191354,71428,42,ms,200,osd_cs,7,0,True,0.0007,"{'prep': 0.001, 'id_s': 0.001, 'id_l': 0.005, 'cnot': 0.001, 'meas': 0.02, 'bias': None, 'flip': None, 'leak': None, 'seep': None, 'back': None, 'corr': None}"
144.12.12,12,2,False,0a5e8b909ed34c6aa9ac34e0e293a34b,"leaked init, no corr, high seep, medium errors, scan cycles",de22319cae0a44d8ae731b346ee83254,0.001,0.001,0.005,0.001,0.02,0.005,0.0002,0.002,0.5,0.025,0.0,43421.828664,66,0.5210640282241129,6.6000264001056e-05,8.123802801083714e-06,0.5003847862613673,0.0019833204332817,0.9294877179508718,29.262753051012204,83333,42,ms,200,osd_cs,7,0,True,0.002,"{'prep': 0.001, 'id_s': 0.001, 'id_l': 0.005, 'cnot': 0.001, 'meas': 0.02, 'bias': None, 'flip': None, 'leak': None, 'seep': None, 'back': None, 'corr': None}"
144.12.12,8,2,False,7c4dbeb8243a40c3908f0be3015b81eb,"leaked init, no corr, medium errors, scan cycles",c3cace7369764e43bbd3d2304e3e9435,0.001,0.001,0.005,0.001,0.02,0.005,0.0002,0.002,0.2,0.025,0.0,46082.419121,135,0.368659352968,0.000135,1.1618165733023437e-05,0.4997507847222222,0.0049668263888888,0.865336,38.702436,125000,42,ms,200,osd_cs,7,0,True,0.005,"{'prep': 0.001, 'id_s': 0.001, 'id_l': 0.005, 'cnot': 0.001, 'meas': 0.02, 'bias': None, 'flip': None, 'leak': None, 'seep': None, 'back': None, 'corr': None}"
144.12.12,16,2,True,6f01bfb505c94006ad385c8ff360a00f,"leaked init, no corr, medium errors, scan cycles",79931a170909473a9f6a3424c801b452,0.001,0.001,0.005,0.001,0.02,0.005,0.0002,0.002,0.2,0.025,0.0,53423.165596,31,0.854770649536,3.1e-05,5.56767806181356e-06,0.9293053333333332,0.0006931666666666,0.944776,28.544248,62500,42,ms,200,osd_cs,7,0,True,0.0007,"{'prep': 0.001, 'id_s': 0.001, 'id_l': 0.005, 'cnot': 0.001, 'meas': 0.02, 'bias': None, 'flip': None, 'leak': None, 'seep': None, 'back': None, 'corr': None}"
144.12.12,18,2,True,2f05229903cb461bad403c132b94a7b7,"leaked init, no corr, medium errors, scan cycles",de63f37e9bfe4c429f79daecb69001a1,0.001,0.001,0.005,0.001,0.02,0.005,0.0002,0.002,0.2,0.025,0.0,69865.223233,42,1.2575865940599404,4.200042000420004e-05,6.48066940675723e-06,0.9289518103514368,0.0006907499630551,0.9350643506435063,31.82093420934209,55555,42,ms,200,osd_cs,7,0,True,0.0007,"{'prep': 0.001, 'id_s': 0.001, 'id_l': 0.005, 'cnot': 0.001, 'meas': 0.02, 'bias': None, 'flip': None, 'leak': None, 'seep': None, 'back': None, 'corr': None}"
144.12.12,10,2,False,6e80ae6e8b6f4d1a8b42aeefa278b6a6,"leaked init, no corr, medium errors, scan cycles",919e4a1fe07d4944bf6b9d7c1b523fb2,0.001,0.001,0.005,0.001,0.02,0.005,0.0002,0.002,0.2,0.025,0.0,71153.789627,144,0.7115378962700001,0.000144,1.199913596889376e-05,0.4999086458333333,0.0049720416666666,0.8266,47.996085,100000,42,ms,200,osd_cs,7,0,True,0.005,"{'prep': 0.001, 'id_s': 0.001, 'id_l': 0.005, 'cnot': 0.001, 'meas': 0.02, 'bias': None, 'flip': None, 'leak': None, 'seep': None, 'back': None, 'corr': None}"
144.12.12,20,2,True,a631e355729b436db48c2a3208e3c9ed,"leaked init, no corr, medium errors, scan cycles",f7b01f8097d94899b030cd4e4e354561,0.001,0.001,0.005,0.001,0.02,0.005,0.0002,0.002,0.2,0.025,0.0,91131.812406,35,1.82263624812,3.5e-05,5.9159762507974966e-06,0.9286288472222222,0.0006893819444444,0.92692,34.80733,50000,42,ms,200,osd_cs,7,0,True,0.0007,"{'prep': 0.001, 'id_s': 0.001, 'id_l': 0.005, 'cnot': 0.001, 'meas': 0.02, 'bias': None, 'flip': None, 'leak': None, 'seep': None, 'back': None, 'corr': None}"
144.12.12,12,2,False,bb55fb3c151d48d8ab8f8b35cd5fd70e,"leaked init, no corr, medium errors, scan cycles",de22319cae0a44d8ae731b346ee83254,0.001,0.001,0.005,0.001,0.02,0.005,0.0002,0.002,0.2,0.025,0.0,92792.853649,145,1.1135186978627911,0.0001450005800023,1.2040769691122656e-05,0.4999365969686101,0.0049651031937461,0.792315169260677,56.12550850203401,83333,42,ms,200,osd_cs,7,0,True,0.005,"{'prep': 0.001, 'id_s': 0.001, 'id_l': 0.005, 'cnot': 0.001, 'meas': 0.02, 'bias': None, 'flip': None, 'leak': None, 'seep': None, 'back': None, 'corr': None}"
144.12.12,14,2,False,6e1fea2ae82848e7bf8ba1f04f3f97b8,"leaked init, no corr, medium errors, scan cycles",56ec53f9548d490a8e009cf4087563dc,0.001,0.001,0.005,0.001,0.02,0.005,0.0002,0.002,0.2,0.025,0.0,134613.060167,166,1.8845979191213529,0.0001660013280106,1.2883132358650892e-05,0.4999674441839979,0.0049487270898167,0.7539340314722518,64.62373998991993,71428,42,ms,200,osd_cs,7,0,True,0.005,"{'prep': 0.001, 'id_s': 0.001, 'id_l': 0.005, 'cnot': 0.001, 'meas': 0.02, 'bias': None, 'flip': None, 'leak': None, 'seep': None, 'back': None, 'corr': None}"
144.12.12,16,2,False,ebe32e989d2145ab9f257cbad648399e,"leaked init, no corr, medium errors, scan cycles",79931a170909473a9f6a3424c801b452,0.001,0.001,0.005,0.001,0.02,0.005,0.0002,0.002,0.2,0.025,0.0,188243.635966,171,3.011898175456,0.000171,1.3075578725241956e-05,0.5000391111111111,0.00499275,0.720096,72.2018,62500,42,ms,200,osd_cs,7,0,True,0.005,"{'prep': 0.001, 'id_s': 0.001, 'id_l': 0.005, 'cnot': 0.001, 'meas': 0.02, 'bias': None, 'flip': None, 'leak': None, 'seep': None, 'back': None, 'corr': None}"
144.12.12,18,2,False,89f5e52c87794f588d4d47d24bc1ff8c,"leaked init, no corr, medium errors, scan cycles",de63f37e9bfe4c429f79daecb69001a1,0.001,0.001,0.005,0.001,0.02,0.005,0.0002,0.002,0.2,0.025,0.0,239624.997498,173,4.313293087894879,0.0001730017300173,1.315194016691122e-05,0.500085848080703,0.0049493272710504,0.6907749077490775,78.62286922869228,55555,42,ms,200,osd_cs,7,0,True,0.005,"{'prep': 0.001, 'id_s': 0.001, 'id_l': 0.005, 'cnot': 0.001, 'meas': 0.02, 'bias': None, 'flip': None, 'leak': None, 'seep': None, 'back': None, 'corr': None}"
144.12.12,12,2,True,207ced16c1cf4401907bcf06dddfd64f,"no leaked init, no corr, medium errors",de22319cae0a44d8ae731b346ee83254,0.001,0.001,0.005,0.001,0.02,0.005,0.0002,0.002,0.2,0.025,0.0,2677.90854,6,0.2677908539999999,5e-05,2.0411904206451034e-05,0.9310765625,0.0003798611111111,0.96425,21.42075,10000,43,ms,200,osd_cs,7,0,True,0.0,"{'prep': 0.001, 'id_s': 0.001, 'id_l': 0.005, 'cnot': 0.001, 'meas': 0.02, 'bias': None, 'flip': None, 'leak': None, 'seep': None, 'back': None, 'corr': None}"
144.12.12,12,2,False,134cec610d5f4e61b523b549affaa981,"no leaked init, no corr, medium errors",de22319cae0a44d8ae731b346ee83254,0.001,0.001,0.005,0.001,0.02,0.005,0.0002,0.002,0.2,0.025,0.0,6559.859365,11,0.6559859365,9.166666666666668e-05,2.7637273124183954e-05,0.5004748842592592,0.003042824074074,0.85935,43.0071,10000,43,ms,200,osd_cs,7,0,True,0.0,"{'prep': 0.001, 'id_s': 0.001, 'id_l': 0.005, 'cnot': 0.001, 'meas': 0.02, 'bias': None, 'flip': None, 'leak': None, 'seep': None, 'back': None, 'corr': None}"
144.12.12,20,2,True,c331b1bdf0374a0d941e8b7b20494b6b,"no leaked init, no corr, medium errors",f7b01f8097d94899b030cd4e4e354561,0.001,0.001,0.005,0.001,0.02,0.005,0.0002,0.002,0.2,0.025,0.0,16801.525392,9,1.6801525392,4.5e-05,1.499966249620304e-05,0.9290030902777778,0.0005037152777777,0.93085,33.5999,10000,43,ms,200,osd_cs,7,0,True,0.0,"{'prep': 0.001, 'id_s': 0.001, 'id_l': 0.005, 'cnot': 0.001, 'meas': 0.02, 'bias': None, 'flip': None, 'leak': None, 'seep': None, 'back': None, 'corr': None}"
144.12.12,20,2,False,bf80fd2ba3b740dd8bd2ba76fa787bbf,"leaked init, no corr, medium errors, scan cycles",f7b01f8097d94899b030cd4e4e354561,0.001,0.001,0.005,0.001,0.02,0.005,0.0002,0.002,0.2,0.025,0.0,319630.930567,175,6.39261861134,0.000175,1.3227598988478598e-05,0.5000979305555556,0.0049523680555555,0.65919,85.52927,50000,42,ms,200,osd_cs,7,0,True,0.005,"{'prep': 0.001, 'id_s': 0.001, 'id_l': 0.005, 'cnot': 0.001, 'meas': 0.02, 'bias': None, 'flip': None, 'leak': None, 'seep': None, 'back': None, 'corr': None}"
144.12.12,20,2,False,6f3cfd5653eb46ada1840acc8e955092,"no leaked init, no corr, medium errors",f7b01f8097d94899b030cd4e4e354561,0.001,0.001,0.005,0.001,0.02,0.005,0.0002,0.002,0.2,0.025,0.0,51194.902704,19,5.1194902704,9.5e-05,2.1793459454616195e-05,0.4996500347222222,0.0037416666666666,0.72155,73.8106,10000,43,ms,200,osd_cs,7,0,True,0.0,"{'prep': 0.001, 'id_s': 0.001, 'id_l': 0.005, 'cnot': 0.001, 'meas': 0.02, 'bias': None, 'flip': None, 'leak': None, 'seep': None, 'back': None, 'corr': None}"
144.12.12,22,2,True,b8376a35b52c4b589df060bafb37698a,"leaked init, no corr, medium errors, scan cycles",434e3fa58e984499993af43ffde15a40,0.001,0.001,0.005,0.001,0.02,0.005,0.0002,0.002,0.2,0.025,0.0,106544.654453,24,2.344010526092313,2.400028800345604e-05,4.898979484508143e-06,0.9282885491848124,0.0007033209398512,0.9177520130241564,37.87195846350157,45454,42,ms,200,osd_cs,7,0,True,0.0007,"{'prep': 0.001, 'id_s': 0.001, 'id_l': 0.005, 'cnot': 0.001, 'meas': 0.02, 'bias': None, 'flip': None, 'leak': None, 'seep': None, 'back': None, 'corr': None}"
144.12.12,24,2,True,6b83a96e985d4136b011eeabd6ed7230,"leaked init, no corr, medium errors, scan cycles",fbeb8dca1fbc436987eb219d62b6dd13,0.001,0.001,0.005,0.001,0.02,0.005,0.0002,0.002,0.2,0.025,0.0,130944.212866,32,3.142711392166275,3.200051200819213e-05,5.656854247320055e-06,0.9282142333721785,0.0007065876942919,0.9104545672730764,40.41167858685739,41666,42,ms,200,osd_cs,7,0,True,0.0007,"{'prep': 0.001, 'id_s': 0.001, 'id_l': 0.005, 'cnot': 0.001, 'meas': 0.02, 'bias': None, 'flip': None, 'leak': None, 'seep': None, 'back': None, 'corr': None}"
144.12.12,22,2,False,684cd93f50ba480ca358550a4eb01a25,"leaked init, no corr, medium errors, scan cycles",434e3fa58e984499993af43ffde15a40,0.001,0.001,0.005,0.001,0.02,0.005,0.0002,0.002,0.2,0.025,0.0,396748.506325,172,8.728571882012584,0.0001720020640247,1.3113906474016644e-05,0.4997805320886073,0.0049710943753547,0.6302965635587627,91.76650019800238,45454,42,ms,200,osd_cs,7,0,True,0.005,"{'prep': 0.001, 'id_s': 0.001, 'id_l': 0.005, 'cnot': 0.001, 'meas': 0.02, 'bias': None, 'flip': None, 'leak': None, 'seep': None, 'back': None, 'corr': None}"
144.12.12,24,2,False,f6cba9941ef04ca19fa7e1c00ff95ab9,"leaked init, no corr, medium errors, scan cycles",fbeb8dca1fbc436987eb219d62b6dd13,0.001,0.001,0.005,0.001,0.02,0.005,0.0002,0.002,0.2,0.025,0.0,482470.271022,207,11.579471776076415,0.0002070033120529,1.4386235543121124e-05,0.499858463013186,0.0049574334856024,0.6035496567945087,97.20538328613256,41666,42,ms,200,osd_cs,7,0,True,0.005,"{'prep': 0.001, 'id_s': 0.001, 'id_l': 0.005, 'cnot': 0.001, 'meas': 0.02, 'bias': None, 'flip': None, 'leak': None, 'seep': None, 'back': None, 'corr': None}"
144.12.12,12,2,True,f5ef0d1e6e184081a6db5be9c8cf3b94,"leaked init, no corr, medium rates, idle increase, scan back",de22319cae0a44d8ae731b346ee83254,0.001,0.001,0.006,0.001,0.02,0.005,0.0002,0.002,0.2,0.0,0.0,85292.979704,136,0.4264648985199999,5.666666666666666e-05,4.858988901834223e-06,0.9261851302083334,0.0007116550925925,0.954925,24.0616225,200000,43,ms,200,osd_cs,7,0,True,0.0007,"{'prep': 0.001, 'id_s': 0.001, 'id_l': 0.005, 'cnot': 0.001, 'meas': 0.02, 'bias': None, 'flip': None, 'leak': None, 'seep': None, 'back': None, 'corr': None}"
144.12.12,12,2,True,704b93fc39ed4d24a34ce1a51a0f37dd,"leaked init, no corr, low seep, medium back, idle increase, scan leak",de22319cae0a44d8ae731b346ee83254,0.001,0.001,0.006,0.001,0.02,0.005,0.0002,0.0005,0.1,0.025,0.0,86318.028288,128,0.43159014144,5.333333333333333e-05,4.713919498361956e-06,0.9263503877314816,0.0003523929398148,0.953055,24.49857,200000,43,ms,200,osd_cs,7,0,True,0.00035,"{'prep': 0.001, 'id_s': 0.001, 'id_l': 0.005, 'cnot': 0.001, 'meas': 0.02, 'bias': None, 'flip': None, 'leak': None, 'seep': None, 'back': None, 'corr': None}"
144.12.12,12,2,True,970d03a5fb3d4dff90526ad137ab7ace,"leaked init, no corr, medium rates, idle increase, scan back",de22319cae0a44d8ae731b346ee83254,0.001,0.001,0.006,0.001,0.02,0.005,0.0002,0.002,0.2,0.01,0.0,87180.973036,132,0.43590486518,5.5e-05,4.787003890744188e-06,0.9260111429398148,0.000712349537037,0.9533925,24.4808575,200000,43,ms,200,osd_cs,7,0,True,0.0007,"{'prep': 0.001, 'id_s': 0.001, 'id_l': 0.005, 'cnot': 0.001, 'meas': 0.02, 'bias': None, 'flip': None, 'leak': None, 'seep': None, 'back': None, 'corr': None}"
144.12.12,12,2,True,fdaa2bf999194239a6266d6634d2ef01,"leaked init, no corr, medium rates, idle increase, scan back",de22319cae0a44d8ae731b346ee83254,0.001,0.001,0.006,0.001,0.02,0.005,0.0002,0.002,0.2,0.02,0.0,88626.128696,131,0.44313064348,5.4583333333333336e-05,4.76883782108106e-06,0.925840072337963,0.0007132320601851,0.95148,24.977095,200000,43,ms,200,osd_cs,7,0,True,0.0007,"{'prep': 0.001, 'id_s': 0.001, 'id_l': 0.005, 'cnot': 0.001, 'meas': 0.02, 'bias': None, 'flip': None, 'leak': None, 'seep': None, 'back': None, 'corr': None}"
144.12.12,12,2,True,ff398a22be474021be14ede3167b37fc,"leaked init, no corr, low seep, medium back, idle increase, scan leak",de22319cae0a44d8ae731b346ee83254,0.001,0.001,0.006,0.001,0.02,0.005,0.0002,0.001,0.1,0.025,0.0,88625.025329,138,0.443125126645,5.75e-05,4.894584326494607e-06,0.9257924508101852,0.0007077864583333,0.949805,25.374715,200000,43,ms,200,osd_cs,7,0,True,0.0007,"{'prep': 0.001, 'id_s': 0.001, 'id_l': 0.005, 'cnot': 0.001, 'meas': 0.02, 'bias': None, 'flip': None, 'leak': None, 'seep': None, 'back': None, 'corr': None}"
144.12.12,12,2,True,018d139cbe77426dab30f3e10f57c15f,"leaked init, no corr, medium rates, idle increase, scan back",de22319cae0a44d8ae731b346ee83254,0.001,0.001,0.006,0.001,0.02,0.005,0.0002,0.002,0.2,0.03,0.0,91453.816466,137,0.45726908233,5.7083333333333336e-05,4.876819097628635e-06,0.9256694097222222,0.0007143229166666,0.9493925,25.513105,200000,43,ms,200,osd_cs,7,0,True,0.0007,"{'prep': 0.001, 'id_s': 0.001, 'id_l': 0.005, 'cnot': 0.001, 'meas': 0.02, 'bias': None, 'flip': None, 'leak': None, 'seep': None, 'back': None, 'corr': None}"
144.12.12,12,2,True,d451a36bc29b44c4a04262f83f4445d7,"leaked init, no corr, medium rates, idle increase, scan back",de22319cae0a44d8ae731b346ee83254,0.001,0.001,0.006,0.001,0.02,0.005,0.0002,0.002,0.2,0.04,0.0,94324.446416,141,0.47162223208,5.875e-05,4.947497197131596e-06,0.9255027864583332,0.0007152633101851,0.9469975,26.129135,200000,43,ms,200,osd_cs,7,0,True,0.0007,"{'prep': 0.001, 'id_s': 0.001, 'id_l': 0.005, 'cnot': 0.001, 'meas': 0.02, 'bias': None, 'flip': None, 'leak': None, 'seep': None, 'back': None, 'corr': None}"
144.12.12,12,2,True,414f3e1071fe4662bcf91577d97cbd77,"leaked init, no corr, low seep, medium back, idle increase, scan leak",de22319cae0a44d8ae731b346ee83254,0.001,0.001,0.006,0.001,0.02,0.005,0.0002,0.0015,0.1,0.025,0.0,93864.537198,139,0.46932268599,5.791666666666667e-05,4.912285293288861e-06,0.9252441724537036,0.0010584114583333,0.94656,26.2399025,200000,43,ms,200,osd_cs,7,0,True,0.00105,"{'prep': 0.001, 'id_s': 0.001, 'id_l': 0.005, 'cnot': 0.001, 'meas': 0.02, 'bias': None, 'flip': None, 'leak': None, 'seep': None, 'back': None, 'corr': None}"
144.12.12,12,2,True,732815cf54614fb5b2ef4fa709b4e229,"leaked init, no corr, medium rates, idle increase, scan back",de22319cae0a44d8ae731b346ee83254,0.001,0.001,0.006,0.001,0.02,0.005,0.0002,0.002,0.2,0.05,0.0,98172.594046,148,0.49086297023,6.166666666666667e-05,5.068812479635019e-06,0.9253345717592594,0.000716177662037,0.944345,26.7898625,200000,43,ms,200,osd_cs,7,0,True,0.0007,"{'prep': 0.001, 'id_s': 0.001, 'id_l': 0.005, 'cnot': 0.001, 'meas': 0.02, 'bias': None, 'flip': None, 'leak': None, 'seep': None, 'back': None, 'corr': None}"
144.12.12,12,2,True,c7cd70e27ac648e991b8b3e7173607f2,"leaked init, no corr, low seep, medium back, idle increase, scan leak",de22319cae0a44d8ae731b346ee83254,0.001,0.001,0.006,0.001,0.02,0.005,0.0002,0.002,0.1,0.025,0.0,98021.074286,146,0.49010537143,6.083333333333333e-05,5.03444935084302e-06,0.9246882928240742,0.0014126967592592,0.9430575,27.16044,200000,43,ms,200,osd_cs,7,0,True,0.0014,"{'prep': 0.001, 'id_s': 0.001, 'id_l': 0.005, 'cnot': 0.001, 'meas': 0.02, 'bias': None, 'flip': None, 'leak': None, 'seep': None, 'back': None, 'corr': None}"
144.12.12,12,2,True,7e8f1e81976a45abb9b5dd20fc8b22b6,"leaked init, no corr, low seep, medium back, idle increase, scan leak",de22319cae0a44d8ae731b346ee83254,0.001,0.001,0.006,0.001,0.02,0.005,0.0002,0.0025,0.1,0.025,0.0,105010.414796,158,0.52505207398,6.583333333333334e-05,5.237246386284318e-06,0.9241317824074072,0.0017680555555555,0.9398125,28.0266375,200000,43,ms,200,osd_cs,7,0,True,0.00175,"{'prep': 0.001, 'id_s': 0.001, 'id_l': 0.005, 'cnot': 0.001, 'meas': 0.02, 'bias': None, 'flip': None, 'leak': None, 'seep': None, 'back': None, 'corr': None}"
144.12.12,12,2,True,c44f8e7acead458da5940fddfda05f25,"leaked init, no corr, low seep, medium back, idle increase, scan leak",de22319cae0a44d8ae731b346ee83254,0.001,0.001,0.006,0.001,0.02,0.005,0.0002,0.003,0.1,0.025,0.0,106019.204899,169,0.530096024495,7.041666666666667e-05,5.416475951503671e-06,0.9235834982638887,0.0021182233796296,0.9366175,28.875635,200000,43,ms,200,osd_cs,7,0,True,0.0021,"{'prep': 0.001, 'id_s': 0.001, 'id_l': 0.005, 'cnot': 0.001, 'meas': 0.02, 'bias': None, 'flip': None, 'leak': None, 'seep': None, 'back': None, 'corr': None}"
144.12.12,12,2,True,657ebe54c26c4782921b3df825ee81e8,"leaked init, no corr, low seep, medium back, idle increase, scan leak",de22319cae0a44d8ae731b346ee83254,0.001,0.001,0.006,0.001,0.02,0.005,0.0002,0.0035,0.1,0.025,0.0,106121.604042,175,0.5306080202100001,7.291666666666667e-05,5.51178093671444e-06,0.9230250434027778,0.0024751851851851,0.933115,29.7836225,200000,43,ms,200,osd_cs,7,0,True,0.00245,"{'prep': 0.001, 'id_s': 0.001, 'id_l': 0.005, 'cnot': 0.001, 'meas': 0.02, 'bias': None, 'flip': None, 'leak': None, 'seep': None, 'back': None, 'corr': None}"
144.12.12,12,2,True,126d27acde4344999c76e5fb8b5bbc44,"leaked init, no corr, low seep, medium back, idle increase, scan leak",de22319cae0a44d8ae731b346ee83254,0.001,0.001,0.006,0.001,0.02,0.005,0.0002,0.004,0.1,0.025,0.0,113415.003399,186,0.567075016995,7.75e-05,5.682355503002254e-06,0.9224734375,0.0028285185185185,0.92973,30.6706375,200000,43,ms,200,osd_cs,7,0,True,0.0028,"{'prep': 0.001, 'id_s': 0.001, 'id_l': 0.005, 'cnot': 0.001, 'meas': 0.02, 'bias': None, 'flip': None, 'leak': None, 'seep': None, 'back': None, 'corr': None}"
144.12.12,12,2,False,fc16d4de03ec4c819fd15de9f57900a4,"leaked init, no corr, medium rates, idle increase, scan back",de22319cae0a44d8ae731b346ee83254,0.001,0.001,0.005,0.001,0.02,0.005,0.0002,0.002,0.2,0.0,0.0,151712.547884,111,0.75856273942,4.625e-05,4.389754213767744e-06,0.4994269444444445,0.0049733478009259,0.8835725,37.2674225,200000,43,ms,200,osd_cs,7,0,True,0.005,"{'prep': 0.001, 'id_s': 0.001, 'id_l': 0.005, 'cnot': 0.001, 'meas': 0.02, 'bias': None, 'flip': None, 'leak': None, 'seep': None, 'back': None, 'corr': None}"
144.12.12,12,2,False,b35c5dc990264017874e862cdb94967b,"leaked init, no corr, low seep, medium back, idle increase, scan leak",de22319cae0a44d8ae731b346ee83254,0.001,0.001,0.005,0.001,0.02,0.005,0.0002,0.0005,0.1,0.025,0.0,173013.707104,180,0.86506853552,7.5e-05,5.589960308445847e-06,0.4998648437499999,0.0024949305555555,0.85583,42.85105,200000,43,ms,200,osd_cs,7,0,True,0.0025,"{'prep': 0.001, 'id_s': 0.001, 'id_l': 0.005, 'cnot': 0.001, 'meas': 0.02, 'bias': None, 'flip': None, 'leak': None, 'seep': None, 'back': None, 'corr': None}"
144.12.12,12,2,False,6f8a04315543462fb84e47d869bed809,"leaked init, no corr, medium rates, idle increase, scan back",de22319cae0a44d8ae731b346ee83254,0.001,0.001,0.005,0.001,0.02,0.005,0.0002,0.002,0.2,0.01,0.0,183627.563526,192,0.91813781763,8e-05,5.773271747169595e-06,0.4997299131944444,0.0049725462962962,0.8348725,47.0976975,200000,43,ms,200,osd_cs,7,0,True,0.005,"{'prep': 0.001, 'id_s': 0.001, 'id_l': 0.005, 'cnot': 0.001, 'meas': 0.02, 'bias': None, 'flip': None, 'leak': None, 'seep': None, 'back': None, 'corr': None}"
144.12.12,12,2,True,77acc76a3d0b40eb9491e4a0db416582,"leaked init, no corr, medium rates, idle increase, huge back",de22319cae0a44d8ae731b346ee83254,0.001,0.001,0.006,0.001,0.02,0.005,0.0002,0.002,0.2,0.5,0.0,212073.359811,1867,1.060366799055,0.0007779166666666,1.7996660712550594e-05,0.9199229137731484,0.0007463107638888,0.8389275,48.4613725,200000,43,ms,200,osd_cs,7,0,True,0.0007,"{'prep': 0.001, 'id_s': 0.001, 'id_l': 0.005, 'cnot': 0.001, 'meas': 0.02, 'bias': None, 'flip': None, 'leak': None, 'seep': None, 'back': None, 'corr': None}"
144.12.12,12,2,False,69de10723a2843e29b5703579a28ef4c,"leaked init, no corr, medium rates, idle increase, scan back",de22319cae0a44d8ae731b346ee83254,0.001,0.001,0.005,0.001,0.02,0.005,0.0002,0.002,0.2,0.02,0.0,214838.944971,288,1.074194724855,0.00012,7.0706435350680775e-06,0.4999331163194444,0.0049726938657407,0.802525,53.817605,200000,43,ms,200,osd_cs,7,0,True,0.005,"{'prep': 0.001, 'id_s': 0.001, 'id_l': 0.005, 'cnot': 0.001, 'meas': 0.02, 'bias': None, 'flip': None, 'leak': None, 'seep': None, 'back': None, 'corr': None}"
144.12.12,12,2,False,8513d974b8554e238d9415fe360e9865,"leaked init, no corr, low seep, medium back, idle increase, scan leak",de22319cae0a44d8ae731b346ee83254,0.001,0.001,0.005,0.001,0.02,0.005,0.0002,0.001,0.1,0.025,0.0,246298.910088,437,1.23149455044,0.0001820833333333,8.709434037129306e-06,0.4995573350694445,0.0049745109953703,0.761435,61.2904425,200000,43,ms,200,osd_cs,7,0,True,0.005,"{'prep': 0.001, 'id_s': 0.001, 'id_l': 0.005, 'cnot': 0.001, 'meas': 0.02, 'bias': None, 'flip': None, 'leak': None, 'seep': None, 'back': None, 'corr': None}"
144.12.12,12,2,False,b42b8fd3968842ab8188adfa199aba2d,"leaked init, no corr, medium rates, idle increase, scan back",de22319cae0a44d8ae731b346ee83254,0.001,0.001,0.005,0.001,0.02,0.005,0.0002,0.002,0.2,0.03,0.0,249843.711493,435,1.249218557465,0.00018125,8.689484747802465e-06,0.5000760648148148,0.0049710561342592,0.7790575,58.8835875,200000,43,ms,200,osd_cs,7,0,True,0.005,"{'prep': 0.001, 'id_s': 0.001, 'id_l': 0.005, 'cnot': 0.001, 'meas': 0.02, 'bias': None, 'flip': None, 'leak': None, 'seep': None, 'back': None, 'corr': None}"
144.12.12,12,2,False,76549beeb6584a50b179f1d6f29b7ba5,"leaked init, no corr, medium rates, idle increase, scan back",de22319cae0a44d8ae731b346ee83254,0.001,0.001,0.005,0.001,0.02,0.005,0.0002,0.002,0.2,0.04,0.0,262724.590174,572,1.31362295087,0.0002383333333333,9.964029693426323e-06,0.5001647395833333,0.0049719299768518,0.7609825,62.8660475,200000,43,ms,200,osd_cs,7,0,True,0.005,"{'prep': 0.001, 'id_s': 0.001, 'id_l': 0.005, 'cnot': 0.001, 'meas': 0.02, 'bias': None, 'flip': None, 'leak': None, 'seep': None, 'back': None, 'corr': None}"
144.12.12,12,2,False,6adcd5e2ce36466c8b2e96690b51f500,"leaked init, no corr, medium rates, idle increase, scan back",de22319cae0a44d8ae731b346ee83254,0.001,0.001,0.005,0.001,0.02,0.005,0.0002,0.002,0.2,0.05,0.0,282056.782554,814,1.41028391277,0.0003391666666666,1.1885769373479238e-05,0.5002277864583333,0.0049717071759259,0.7444975,66.5056125,200000,43,ms,200,osd_cs,7,0,True,0.005,"{'prep': 0.001, 'id_s': 0.001, 'id_l': 0.005, 'cnot': 0.001, 'meas': 0.02, 'bias': None, 'flip': None, 'leak': None, 'seep': None, 'back': None, 'corr': None}"
144.12.12,12,2,False,37c9b4c9855e4b7c84f863037876d307,"leaked init, no corr, low seep, medium back, idle increase, scan leak",de22319cae0a44d8ae731b346ee83254,0.001,0.001,0.005,0.001,0.02,0.005,0.0002,0.0015,0.1,0.025,0.0,355769.698141,924,1.778848490705,0.000385,1.2663131771011466e-05,0.4992430613425926,0.0074592708333333,0.6761,77.79694,200000,43,ms,200,osd_cs,7,0,True,0.0075,"{'prep': 0.001, 'id_s': 0.001, 'id_l': 0.005, 'cnot': 0.001, 'meas': 0.02, 'bias': None, 'flip': None, 'leak': None, 'seep': None, 'back': None, 'corr': None}"
144.12.12,12,2,False,6b6bd063445b47658a11ba7f6c78a342,"leaked init, no corr, low seep, medium back, idle increase, scan leak",de22319cae0a44d8ae731b346ee83254,0.001,0.001,0.005,0.001,0.02,0.005,0.0002,0.002,0.1,0.025,0.0,389537.198007,1750,1.947685990035,0.0007291666666666,1.7424061220991802e-05,0.4988919415509258,0.0099425028935185,0.5996625,92.450475,200000,43,ms,200,osd_cs,7,0,True,0.01,"{'prep': 0.001, 'id_s': 0.001, 'id_l': 0.005, 'cnot': 0.001, 'meas': 0.02, 'bias': None, 'flip': None, 'leak': None, 'seep': None, 'back': None, 'corr': None}"
144.12.12,12,2,False,68e14c668f664b2695094c605d1a788f,"leaked init, no corr, low seep, medium back, idle increase, scan leak",de22319cae0a44d8ae731b346ee83254,0.001,0.001,0.005,0.001,0.02,0.005,0.0002,0.0025,0.1,0.025,0.0,484279.967317,2806,2.421399836585,0.0011691666666666,2.2058631303605987e-05,0.4985064207175926,0.0123919299768518,0.531695,105.312815,200000,43,ms,200,osd_cs,7,0,True,0.0124999999999999,"{'prep': 0.001, 'id_s': 0.001, 'id_l': 0.005, 'cnot': 0.001, 'meas': 0.02, 'bias': None, 'flip': None, 'leak': None, 'seep': None, 'back': None, 'corr': None}"
144.12.12,12,2,False,5c725c7d839c42109a6607fd8ccbe1a1,"leaked init, no corr, low seep, medium back, idle increase, scan leak",de22319cae0a44d8ae731b346ee83254,0.001,0.001,0.005,0.001,0.02,0.005,0.0002,0.003,0.1,0.025,0.0,520935.762172,4318,2.6046788108600003,0.0017991666666666,2.7355146270645784e-05,0.4981362123842592,0.0148433969907407,0.470255,116.884,200000,43,ms,200,osd_cs,7,0,True,0.015,"{'prep': 0.001, 'id_s': 0.001, 'id_l': 0.005, 'cnot': 0.001, 'meas': 0.02, 'bias': None, 'flip': None, 'leak': None, 'seep': None, 'back': None, 'corr': None}"
144.12.12,12,2,False,632a800f536f442ab2e1950bc5363924,"leaked init, no corr, low seep, medium back, idle increase, scan leak",de22319cae0a44d8ae731b346ee83254,0.001,0.001,0.005,0.001,0.02,0.005,0.0002,0.0035,0.1,0.025,0.0,556949.613464,6299,2.78474806732,0.0026245833333333,3.302584149609036e-05,0.4977125752314815,0.0172918258101851,0.4154275,127.0815375,200000,43,ms,200,osd_cs,7,0,True,0.0174999999999999,"{'prep': 0.001, 'id_s': 0.001, 'id_l': 0.005, 'cnot': 0.001, 'meas': 0.02, 'bias': None, 'flip': None, 'leak': None, 'seep': None, 'back': None, 'corr': None}"
144.12.12,12,2,False,0c02eccabef44d23b9ca92aedb26b0f7,"leaked init, no corr, low seep, medium back, idle increase, scan leak",de22319cae0a44d8ae731b346ee83254,0.001,0.001,0.005,0.001,0.02,0.005,0.0002,0.004,0.1,0.025,0.0,577412.548363,8842,2.8870627418150003,0.0036841666666666,3.910772292995597e-05,0.4972642013888889,0.0197391956018518,0.36645,136.1412625,200000,43,ms,200,osd_cs,7,0,True,0.02,"{'prep': 0.001, 'id_s': 0.001, 'id_l': 0.005, 'cnot': 0.001, 'meas': 0.02, 'bias': None, 'flip': None, 'leak': None, 'seep': None, 'back': None, 'corr': None}"
144.12.12,12,2,False,3682c9768dcf442294a38007a6f857fe,"leaked init, no corr, medium rates, idle increase, huge back",de22319cae0a44d8ae731b346ee83254,0.001,0.001,0.005,0.001,0.02,0.005,0.0002,0.002,0.2,0.5,0.0,642170.773736,32032,3.21085386868,0.0133466666666666,7.407353653508663e-05,0.500254765625,0.0049684259259259,0.3946025,135.85862,200000,43,ms,200,osd_cs,7,0,True,0.005,"{'prep': 0.001, 'id_s': 0.001, 'id_l': 0.005, 'cnot': 0.001, 'meas': 0.02, 'bias': None, 'flip': None, 'leak': None, 'seep': None, 'back': None, 'corr': None}"
144.12.12,12,2,True,5c7d5371ca534d83abbf75e943f9150a,"no leak, scan corr",de22319cae0a44d8ae731b346ee83254,0.001,0.001,0.005,0.001,0.02,0.005,0.0002,0.0,0.0,0.0,0.0,18849.280422,21,0.37698560844,3.5e-05,7.637492498632432e-06,0.9316244212962962,0.0,0.96424,21.08862,50000,42,ms,200,osd_cs,7,0,True,0.0,"{'prep': 0.001, 'id_s': 0.001, 'id_l': 0.005, 'cnot': 0.001, 'meas': 0.02, 'bias': None, 'flip': None, 'leak': None, 'seep': None, 'back': None, 'corr': None}"
144.12.12,12,2,True,222dbf6d95504e72ac4bf209f94997b8,"leaked init, no corr, medium errors, scan seep and id_l",de22319cae0a44d8ae731b346ee83254,0.001,0.001,0.005,0.001,0.02,0.005,0.0002,0.002,0.2,0.025,0.0,19588.04997,25,0.3917609994,4.1666666666666665e-05,8.333159720413735e-06,0.9305361805555556,0.000668125,0.95949,22.50382,50000,42,ms,200,osd_cs,7,0,True,0.0007,"{'prep': 0.001, 'id_s': 0.001, 'id_l': 0.005, 'cnot': 0.001, 'meas': 0.02, 'bias': None, 'flip': None, 'leak': None, 'seep': None, 'back': None, 'corr': None}"
144.12.12,12,2,False,7d40df70ef9b4ae48b03d4c421068d3d,"no leak, scan corr",de22319cae0a44d8ae731b346ee83254,0.001,0.001,0.005,0.001,0.02,0.005,0.0002,0.0,0.0,0.0,0.0,19426.99855,27,0.388539971,4.5e-05,8.660059179936359e-06,0.5001354976851852,0.0,0.96099,22.21871,50000,42,ms,200,osd_cs,7,0,True,0.0,"{'prep': 0.001, 'id_s': 0.001, 'id_l': 0.005, 'cnot': 0.001, 'meas': 0.02, 'bias': None, 'flip': None, 'leak': None, 'seep': None, 'back': None, 'corr': None}"
144.12.12,12,2,True,22b531bec3314958abc05b16276d20f5,"no leak, scan corr",de22319cae0a44d8ae731b346ee83254,0.001,0.001,0.005,0.001,0.02,0.005,0.0002,0.0,0.0,0.0,0.005,20152.290724,186,0.40304581448,0.00031,2.272677935828128e-05,0.9316746296296295,0.0,0.9597,21.98873,50000,44,ms,200,osd_cs,7,0,True,0.0,"{'prep': 0.001, 'id_s': 0.001, 'id_l': 0.005, 'cnot': 0.001, 'meas': 0.02, 'bias': None, 'flip': None, 'leak': None, 'seep': None, 'back': None, 'corr': None}"
144.12.12,12,2,False,e095bbb44f6c45d59aadc66b748b7b0a,"no leak, scan corr",de22319cae0a44d8ae731b346ee83254,0.001,0.001,0.005,0.001,0.02,0.005,0.0002,0.0,0.0,0.0,0.005,20464.55335,267,0.4092910669999999,0.000445,2.722749758975289e-05,0.5001553587962962,0.0,0.95626,23.24049,50000,42,ms,200,osd_cs,7,0,True,0.0,"{'prep': 0.001, 'id_s': 0.001, 'id_l': 0.005, 'cnot': 0.001, 'meas': 0.02, 'bias': None, 'flip': None, 'leak': None, 'seep': None, 'back': None, 'corr': None}"
144.12.12,12,2,True,587ad7e46a42491d81bfb0182ff3b371,"no leak, scan corr",de22319cae0a44d8ae731b346ee83254,0.001,0.001,0.005,0.001,0.02,0.005,0.0002,0.0,0.0,0.0,0.01,20696.373817,366,0.41392747634,0.00061,3.187548431004618e-05,0.9316825925925928,0.0,0.95622,22.75153,50000,44,ms,200,osd_cs,7,0,True,0.0,"{'prep': 0.001, 'id_s': 0.001, 'id_l': 0.005, 'cnot': 0.001, 'meas': 0.02, 'bias': None, 'flip': None, 'leak': None, 'seep': None, 'back': None, 'corr': None}"
144.12.12,12,2,True,49faa77f56ed41eb80360265d64a4745,"leaked init, no corr, medium errors, scan seep and id_l",de22319cae0a44d8ae731b346ee83254,0.001,0.001,0.006,0.001,0.02,0.005,0.0002,0.002,0.3,0.025,0.0,21228.810538,33,0.42457621076,5.5e-05,9.574007781488377e-06,0.9261528587962964,0.0004857060185185,0.9544,24.2674,50000,42,ms,200,osd_cs,7,0,True,0.0004666666666666,"{'prep': 0.001, 'id_s': 0.001, 'id_l': 0.005, 'cnot': 0.001, 'meas': 0.02, 'bias': None, 'flip': None, 'leak': None, 'seep': None, 'back': None, 'corr': None}"
144.12.12,12,2,False,d0c08e93541545d493e527100c1852ba,"no leak, scan corr",de22319cae0a44d8ae731b346ee83254,0.001,0.001,0.005,0.001,0.02,0.005,0.0002,0.0,0.0,0.0,0.01,21051.984967,533,0.42103969934,0.0008883333333333,3.846089349850967e-05,0.5001757060185186,0.0,0.95141,24.24667,50000,42,ms,200,osd_cs,7,0,True,0.0,"{'prep': 0.001, 'id_s': 0.001, 'id_l': 0.005, 'cnot': 0.001, 'meas': 0.02, 'bias': None, 'flip': None, 'leak': None, 'seep': None, 'back': None, 'corr': None}"
144.12.12,12,2,True,e719e2e57f494ec9949fc72721e11625,"no leak, scan corr",de22319cae0a44d8ae731b346ee83254,0.001,0.001,0.005,0.001,0.02,0.005,0.0002,0.0,0.0,0.0,0.02,21600.534861,756,0.43201069722,0.00126,4.57968776228249e-05,0.9317572222222223,0.0,0.94939,24.16646,50000,45,ms,200,osd_cs,7,0,True,0.0,"{'prep': 0.001, 'id_s': 0.001, 'id_l': 0.005, 'cnot': 0.001, 'meas': 0.02, 'bias': None, 'flip': None, 'leak': None, 'seep': None, 'back': None, 'corr': None}"
144.12.12,12,2,True,d76157c47e984ab38edfc44e06ac60fc,"no leak, scan corr",de22319cae0a44d8ae731b346ee83254,0.001,0.001,0.005,0.001,0.02,0.005,0.0002,0.0,0.0,0.0,0.015,21681.437759,573,0.43362875518,0.000955,3.987664259939645e-05,0.9316905092592592,0.0,0.95226,23.58229,50000,44,ms,200,osd_cs,7,0,True,0.0,"{'prep': 0.001, 'id_s': 0.001, 'id_l': 0.005, 'cnot': 0.001, 'meas': 0.02, 'bias': None, 'flip': None, 'leak': None, 'seep': None, 'back': None, 'corr': None}"
144.12.12,12,2,False,5d694d37650948588b6280cfa0b96c21,"no leak, scan corr",de22319cae0a44d8ae731b346ee83254,0.001,0.001,0.005,0.001,0.02,0.005,0.0002,0.0,0.0,0.0,0.015,22152.701622,786,0.44305403244,0.00131,4.669553690307744e-05,0.5001963194444444,0.0,0.94642,25.28055,50000,42,ms,200,osd_cs,7,0,True,0.0,"{'prep': 0.001, 'id_s': 0.001, 'id_l': 0.005, 'cnot': 0.001, 'meas': 0.02, 'bias': None, 'flip': None, 'leak': None, 'seep': None, 'back': None, 'corr': None}"
144.12.12,12,2,True,4f27d96d117f47b7a81b1af43e34190a,"no leak, scan corr",de22319cae0a44d8ae731b346ee83254,0.001,0.001,0.005,0.001,0.02,0.005,0.0002,0.0,0.0,0.0,0.025,22611.936356,983,0.4522387271199999,0.0016383333333333,5.221189515206636e-05,0.9316450810185186,0.0,0.94591,24.99425,50000,46,ms,200,osd_cs,7,0,True,0.0,"{'prep': 0.001, 'id_s': 0.001, 'id_l': 0.005, 'cnot': 0.001, 'meas': 0.02, 'bias': None, 'flip': None, 'leak': None, 'seep': None, 'back': None, 'corr': None}"
144.12.12,12,2,False,86e779587a3a4f77ba4258be1d34c7f1,"no leak, scan corr",de22319cae0a44d8ae731b346ee83254,0.001,0.001,0.005,0.001,0.02,0.005,0.0002,0.0,0.0,0.0,0.02,23251.870035,1026,0.4650374007,0.00171,5.333972722089981e-05,0.5002164583333333,0.0,0.94178,26.29187,50000,42,ms,200,osd_cs,7,0,True,0.0,"{'prep': 0.001, 'id_s': 0.001, 'id_l': 0.005, 'cnot': 0.001, 'meas': 0.02, 'bias': None, 'flip': None, 'leak': None, 'seep': None, 'back': None, 'corr': None}"
144.12.12,12,2,False,2267ee4ce4504daa94a71f0d9f6dcc53,"no leak, scan corr",de22319cae0a44d8ae731b346ee83254,0.001,0.001,0.005,0.001,0.02,0.005,0.0002,0.0,0.0,0.0,0.025,23743.623488,1282,0.47487246976,0.0021366666666666,5.961125903471343e-05,0.5002367592592593,0.0,0.93721,27.24185,50000,42,ms,200,osd_cs,7,0,True,0.0,"{'prep': 0.001, 'id_s': 0.001, 'id_l': 0.005, 'cnot': 0.001, 'meas': 0.02, 'bias': None, 'flip': None, 'leak': None, 'seep': None, 'back': None, 'corr': None}"
144.12.12,12,2,True,7582e389c0644fd2826c71bc003d315f,"leaked init, no corr, medium errors, scan seep and id_l",de22319cae0a44d8ae731b346ee83254,0.001,0.001,0.007,0.001,0.02,0.005,0.0002,0.002,0.4,0.025,0.0,25425.184478,61,0.50850368956,0.0001016666666666,1.3016421074649998e-05,0.9216103935185184,0.0003757638888888,0.94373,27.20107,50000,42,ms,200,osd_cs,7,0,True,0.00035,"{'prep': 0.001, 'id_s': 0.001, 'id_l': 0.005, 'cnot': 0.001, 'meas': 0.02, 'bias': None, 'flip': None, 'leak': None, 'seep': None, 'back': None, 'corr': None}"
144.12.12,12,2,True,994ada7317dd428ba49f521a9cfc60e0,"leaked init, no corr, medium errors, scan seep and id_l",de22319cae0a44d8ae731b346ee83254,0.001,0.001,0.008,0.001,0.02,0.005,0.0002,0.002,0.5,0.025,0.0,27152.937822,91,0.54305875644,0.0001516666666666,1.5897780971406506e-05,0.917049386574074,0.0003209606481481,0.93399,30.21544,50000,42,ms,200,osd_cs,7,0,True,0.00028,"{'prep': 0.001, 'id_s': 0.001, 'id_l': 0.005, 'cnot': 0.001, 'meas': 0.02, 'bias': None, 'flip': None, 'leak': None, 'seep': None, 'back': None, 'corr': None}"
144.12.12,12,2,True,2dab371246e34b6e84f0ccc0f1a81df8,"leaked init, no corr, medium errors, scan seep and id_l",de22319cae0a44d8ae731b346ee83254,0.001,0.001,0.009,0.001,0.02,0.005,0.0002,0.002,0.6,0.025,0.0,32050.674022,141,0.64101348044,0.000235,1.978824461643832e-05,0.912597025462963,0.0002782291666666,0.92048,34.03066,50000,42,ms,200,osd_cs,7,0,True,0.0002333333333333,"{'prep': 0.001, 'id_s': 0.001, 'id_l': 0.005, 'cnot': 0.001, 'meas': 0.02, 'bias': None, 'flip': None, 'leak': None, 'seep': None, 'back': None, 'corr': None}"
144.12.12,12,2,False,3daa5aba0bd2475b9d1a9a9815cfe380,"leaked init, no corr, medium errors, scan seep and id_l",de22319cae0a44d8ae731b346ee83254,0.001,0.001,0.008,0.001,0.02,0.005,0.0002,0.002,0.5,0.025,0.0,36578.44735,134,0.7315689470000001,0.0002233333333333,1.929090699248204e-05,0.5002759027777778,0.0019932060185185,0.89486,38.9641,50000,42,ms,200,osd_cs,7,0,True,0.002,"{'prep': 0.001, 'id_s': 0.001, 'id_l': 0.005, 'cnot': 0.001, 'meas': 0.02, 'bias': None, 'flip': None, 'leak': None, 'seep': None, 'back': None, 'corr': None}"
144.12.12,12,2,True,6dd50e6ff7284a9d91029b142571482c,"leaked init, no corr, medium errors, scan seep and id_l",de22319cae0a44d8ae731b346ee83254,0.001,0.001,0.01,0.001,0.02,0.005,0.0002,0.002,0.7,0.025,0.0,36679.632329,204,0.73359264658,0.00034,2.3800714274996035e-05,0.9080207638888887,0.0002486226851851,0.90621,38.198,50000,42,ms,200,osd_cs,7,0,True,0.0002,"{'prep': 0.001, 'id_s': 0.001, 'id_l': 0.005, 'cnot': 0.001, 'meas': 0.02, 'bias': None, 'flip': None, 'leak': None, 'seep': None, 'back': None, 'corr': None}"
144.12.12,12,2,False,c487af2df0454e9299d551ce4d8a7d0f,"leaked init, no corr, medium errors, scan seep and id_l",de22319cae0a44d8ae731b346ee83254,0.001,0.001,0.007,0.001,0.02,0.005,0.0002,0.002,0.4,0.025,0.0,38248.722578,82,0.76497445156,0.0001366666666666,1.509127722057176e-05,0.5001098032407407,0.0024805555555555,0.88516,39.92735,50000,42,ms,200,osd_cs,7,0,True,0.0025,"{'prep': 0.001, 'id_s': 0.001, 'id_l': 0.005, 'cnot': 0.001, 'meas': 0.02, 'bias': None, 'flip': None, 'leak': None, 'seep': None, 'back': None, 'corr': None}"
144.12.12,12,2,False,f58db88d14f24ef3bb9242da88ae4071,"leaked init, no corr, medium errors, scan seep and id_l",de22319cae0a44d8ae731b346ee83254,0.001,0.001,0.009,0.001,0.02,0.005,0.0002,0.002,0.6,0.025,0.0,38678.927805,195,0.7735785561,0.000325,2.326995111726709e-05,0.500207824074074,0.0016539236111111,0.89632,39.81191,50000,42,ms,200,osd_cs,7,0,True,0.0016666666666666,"{'prep': 0.001, 'id_s': 0.001, 'id_l': 0.005, 'cnot': 0.001, 'meas': 0.02, 'bias': None, 'flip': None, 'leak': None, 'seep': None, 'back': None, 'corr': None}"
144.12.12,12,2,False,5367fb1bc345473bb0b94e1ed52dc8f4,"leaked init, no corr, medium errors, scan seep and id_l",de22319cae0a44d8ae731b346ee83254,0.001,0.001,0.01,0.001,0.02,0.005,0.0002,0.002,0.7,0.025,0.0,39712.4531,269,0.794249062,0.0004483333333333,2.7329237413301392e-05,0.5003057291666666,0.0014284953703703,0.8887,42.48394,50000,42,ms,200,osd_cs,7,0,True,0.0014285714285714,"{'prep': 0.001, 'id_s': 0.001, 'id_l': 0.005, 'cnot': 0.001, 'meas': 0.02, 'bias': None, 'flip': None, 'leak': None, 'seep': None, 'back': None, 'corr': None}"
144.12.12,12,2,False,62efca77704649958dd1222065e0e848,"leaked init, no corr, medium errors, scan seep and id_l",de22319cae0a44d8ae731b346ee83254,0.001,0.001,0.006,0.001,0.02,0.005,0.0002,0.002,0.3,0.025,0.0,47979.011649,85,0.95958023298,0.0001416666666666,1.536481897182772e-05,0.5002972685185185,0.0033270949074074,0.85574,44.68975,50000,42,ms,200,osd_cs,7,0,True,0.0033333333333333,"{'prep': 0.001, 'id_s': 0.001, 'id_l': 0.005, 'cnot': 0.001, 'meas': 0.02, 'bias': None, 'flip': None, 'leak': None, 'seep': None, 'back': None, 'corr': None}"
144.12.12,12,2,False,f4c0dc1a5d3044b8a1d3cab23d515a0e,"leaked init, no corr, medium errors, scan seep and id_l",de22319cae0a44d8ae731b346ee83254,0.001,0.001,0.005,0.001,0.02,0.005,0.0002,0.002,0.2,0.025,0.0,54974.191505,92,1.0994838301,0.0001533333333333,1.5984879429334786e-05,0.5000262384259259,0.0049627777777777,0.79274,56.12779,50000,42,ms,200,osd_cs,7,0,True,0.005,"{'prep': 0.001, 'id_s': 0.001, 'id_l': 0.005, 'cnot': 0.001, 'meas': 0.02, 'bias': None, 'flip': None, 'leak': None, 'seep': None, 'back': None, 'corr': None}"
144.12.12,12,2,True,84eb66a982814f02a0cf25f82d16e507,"leaked init, no corr, high seep and back, idle increase, scan leak",de22319cae0a44d8ae731b346ee83254,0.001,0.001,0.005,0.001,0.02,0.005,0.0002,0.0015,0.333,0.05,0.0,13311.000068,23,0.26622000136,3.833333333333333e-05,7.992899337212674e-06,0.9309543055555556,0.0003054976851851,0.96196,21.91855,50000,43,ms,200,osd_cs,7,0,True,0.0003153153153153,"{'prep': 0.001, 'id_s': 0.001, 'id_l': 0.005, 'cnot': 0.001, 'meas': 0.02, 'bias': None, 'flip': None, 'leak': None, 'seep': None, 'back': None, 'corr': None}"
144.12.12,12,2,True,cbe01beae6874222a4d1729269d885b3,"leaked init, no corr, high seep and back, idle increase, scan leak",de22319cae0a44d8ae731b346ee83254,0.001,0.001,0.005,0.001,0.02,0.005,0.0002,0.002,0.333,0.05,0.0,14020.674299,24,0.28041348598,4e-05,8.164802508328049e-06,0.9307285069444444,0.0004053009259259,0.96068,22.29176,50000,43,ms,200,osd_cs,7,0,True,0.0004204204204204,"{'prep': 0.001, 'id_s': 0.001, 'id_l': 0.005, 'cnot': 0.001, 'meas': 0.02, 'bias': None, 'flip': None, 'leak': None, 'seep': None, 'back': None, 'corr': None}"
144.12.12,12,2,True,902adc669eb94c2d8f05575d3a4d4bd1,"leaked init, no corr, high seep and back, idle increase, scan leak",de22319cae0a44d8ae731b346ee83254,0.001,0.001,0.005,0.001,0.02,0.005,0.0002,0.003,0.333,0.05,0.0,15883.241528,25,0.31766483056,4.1666666666666665e-05,8.333159720413735e-06,0.930247349537037,0.0006171643518518,0.95791,23.05403,50000,43,ms,200,osd_cs,7,0,True,0.0006306306306306,"{'prep': 0.001, 'id_s': 0.001, 'id_l': 0.005, 'cnot': 0.001, 'meas': 0.02, 'bias': None, 'flip': None, 'leak': None, 'seep': None, 'back': None, 'corr': None}"
144.12.12,12,2,True,5a4300c77fb34a128fbd69460368af87,"leaked init, no corr, high seep and back, idle increase, scan leak",de22319cae0a44d8ae731b346ee83254,0.001,0.001,0.005,0.001,0.02,0.005,0.0002,0.0025,0.333,0.05,0.0,17219.256671,25,0.34438513342,4.1666666666666665e-05,8.333159720413735e-06,0.9304898379629628,0.0005108101851851,0.95923,22.69816,50000,43,ms,200,osd_cs,7,0,True,0.0005255255255255,"{'prep': 0.001, 'id_s': 0.001, 'id_l': 0.005, 'cnot': 0.001, 'meas': 0.02, 'bias': None, 'flip': None, 'leak': None, 'seep': None, 'back': None, 'corr': None}"
144.12.12,12,2,True,f969d8083d6d411e8029fba68b4e5c70,"leaked init, no corr, high seep and back, idle increase, scan leak",de22319cae0a44d8ae731b346ee83254,0.001,0.001,0.005,0.001,0.02,0.005,0.0002,0.0005,0.333,0.05,0.0,25550.778732,43,0.25550778732,3.5833333333333335e-05,5.464434196507719e-06,0.9314413483796296,0.0001013425925925,0.96368,21.3327,100000,43,ms,200,osd_cs,7,0,True,0.0001051051051051,"{'prep': 0.001, 'id_s': 0.001, 'id_l': 0.005, 'cnot': 0.001, 'meas': 0.02, 'bias': None, 'flip': None, 'leak': None, 'seep': None, 'back': None, 'corr': None}"
144.12.12,12,2,True,5cecdbc1dcab4ea5be9f69e60b328a7a,"leaked init, no corr, high seep and back, idle increase, scan leak",de22319cae0a44d8ae731b346ee83254,0.001,0.001,0.005,0.001,0.02,0.005,0.0002,0.001,0.333,0.05,0.0,27788.658839,44,0.27788658839,3.6666666666666666e-05,5.527606641683649e-06,0.931211261574074,0.0002036747685185,0.962435,21.695975,100000,43,ms,200,osd_cs,7,0,True,0.0002102102102102,"{'prep': 0.001, 'id_s': 0.001, 'id_l': 0.005, 'cnot': 0.001, 'meas': 0.02, 'bias': None, 'flip': None, 'leak': None, 'seep': None, 'back': None, 'corr': None}"
144.12.12,12,2,False,bf6553888f0e4012bedb50ff04c7d87e,"leaked init, no corr, high seep and back, idle increase, scan leak",de22319cae0a44d8ae731b346ee83254,0.001,0.001,0.005,0.001,0.02,0.005,0.0002,0.0015,0.333,0.05,0.0,29880.051987,65,0.59760103974,0.0001083333333333,1.3436368384737387e-05,0.500732800925926,0.0022342013888888,0.88371,38.99344,50000,43,ms,200,osd_cs,7,0,True,0.0022522522522522,"{'prep': 0.001, 'id_s': 0.001, 'id_l': 0.005, 'cnot': 0.001, 'meas': 0.02, 'bias': None, 'flip': None, 'leak': None, 'seep': None, 'back': None, 'corr': None}"
144.12.12,12,2,False,bbad77e9d4bb471ab3e26a8472091085,"leaked init, no corr, high seep and back, idle increase, scan leak",de22319cae0a44d8ae731b346ee83254,0.001,0.001,0.005,0.001,0.02,0.005,0.0002,0.002,0.333,0.05,0.0,34162.560533,80,0.68325121066,0.0001333333333333,1.4906126008879455e-05,0.5008490972222222,0.0029886111111111,0.85723,44.64285,50000,43,ms,200,osd_cs,7,0,True,0.003003003003003,"{'prep': 0.001, 'id_s': 0.001, 'id_l': 0.005, 'cnot': 0.001, 'meas': 0.02, 'bias': None, 'flip': None, 'leak': None, 'seep': None, 'back': None, 'corr': None}"
144.12.12,12,2,False,c533a18fc81248b39336c3847b65ea9b,"leaked init, no corr, high seep and back, idle increase, scan leak",de22319cae0a44d8ae731b346ee83254,0.001,0.001,0.005,0.001,0.02,0.005,0.0002,0.0005,0.333,0.05,0.0,39844.936871,52,0.39844936871,4.333333333333333e-05,6.009121923900055e-06,0.5003694560185185,0.0007418344907407,0.93502,27.897515,100000,43,ms,200,osd_cs,7,0,True,0.0007507507507507,"{'prep': 0.001, 'id_s': 0.001, 'id_l': 0.005, 'cnot': 0.001, 'meas': 0.02, 'bias': None, 'flip': None, 'leak': None, 'seep': None, 'back': None, 'corr': None}"
144.12.12,12,2,False,baba87a383ea428cb208c68592b5a0c1,"leaked init, no corr, high seep and back, idle increase, scan leak",de22319cae0a44d8ae731b346ee83254,0.001,0.001,0.005,0.001,0.02,0.005,0.0002,0.0025,0.333,0.05,0.0,44029.999709,117,0.88059999418,0.000195,1.8025998585376624e-05,0.5009416782407408,0.0037287384259259,0.83229,49.90136,50000,43,ms,200,osd_cs,7,0,True,0.0037537537537537,"{'prep': 0.001, 'id_s': 0.001, 'id_l': 0.005, 'cnot': 0.001, 'meas': 0.02, 'bias': None, 'flip': None, 'leak': None, 'seep': None, 'back': None, 'corr': None}"
144.12.12,12,2,False,1a1d81fc059c40659f740204c9a66175,"leaked init, no corr, high seep and back, idle increase, scan leak",de22319cae0a44d8ae731b346ee83254,0.001,0.001,0.005,0.001,0.02,0.005,0.0002,0.001,0.333,0.05,0.0,46158.352468,84,0.4615835246799999,7e-05,7.637358836665983e-06,0.5005095891203704,0.0014878645833333,0.90887,33.603975,100000,43,ms,200,osd_cs,7,0,True,0.0015015015015015,"{'prep': 0.001, 'id_s': 0.001, 'id_l': 0.005, 'cnot': 0.001, 'meas': 0.02, 'bias': None, 'flip': None, 'leak': None, 'seep': None, 'back': None, 'corr': None}"
144.12.12,12,2,False,9ef819c5d68e4728a64268bdeb2566ca,"leaked init, no corr, high seep and back, idle increase, scan leak",de22319cae0a44d8ae731b346ee83254,0.001,0.001,0.005,0.001,0.02,0.005,0.0002,0.003,0.333,0.05,0.0,46524.479101,151,0.93048958202,0.0002516666666666,2.047776560709833e-05,0.5010261111111112,0.0044691550925925,0.8068,55.24028,50000,43,ms,200,osd_cs,7,0,True,0.0045045045045045,"{'prep': 0.001, 'id_s': 0.001, 'id_l': 0.005, 'cnot': 0.001, 'meas': 0.02, 'bias': None, 'flip': None, 'leak': None, 'seep': None, 'back': None, 'corr': None}"
144.12.12,6,2,True,3d618be2fbf44a1d9f24e5bfa6f522b2,"no leak, scan bias",050a4f52926545ed855f8f3ef3b98c25,0.001,0.001,0.005,0.001,0.02,0.02,0.0002,0.0,0.0,0.0,0.0,118289.43894,222,0.0591447194699999,1.85e-05,1.2416272169348306e-06,0.9465071620370368,0.0,0.9879525,9.90165075,2000000,43,ms,200,osd_cs,7,0,True,0.0,"{'prep': 0.001, 'id_s': 0.001, 'id_l': 0.005, 'cnot': 0.001, 'meas': 0.02, 'bias': None, 'flip': None, 'leak': None, 'seep': None, 'back': None, 'corr': None}"
144.12.12,6,2,True,bf4d812599c44b198aae86c76144064d,"no leak, scan bias",050a4f52926545ed855f8f3ef3b98c25,0.001,0.001,0.005,0.001,0.02,0.015,0.0002,0.0,0.0,0.0,0.0,118983.04394,267,0.05949152197,2.225e-05,1.3616627377799296e-06,0.943107792824074,0.0,0.9874555,10.2483225,2000000,43,ms,200,osd_cs,7,0,True,0.0,"{'prep': 0.001, 'id_s': 0.001, 'id_l': 0.005, 'cnot': 0.001, 'meas': 0.02, 'bias': None, 'flip': None, 'leak': None, 'seep': None, 'back': None, 'corr': None}"
144.12.12,6,2,True,686e5dea7f9c4194a8079270cf634a4d,"no leak, scan meas, bias and id_l",050a4f52926545ed855f8f3ef3b98c25,0.001,0.001,0.0045,0.001,0.025,0.01,0.0002,0.0,0.0,0.0,0.0,119447.04993,296,0.059723524965,2.4666666666666665e-05,1.4337031951739005e-06,0.9382077291666668,0.0,0.9843245,11.58969325,2000000,43,ms,200,osd_cs,7,0,True,0.0,"{'prep': 0.001, 'id_s': 0.001, 'id_l': 0.005, 'cnot': 0.001, 'meas': 0.02, 'bias': None, 'flip': None, 'leak': None, 'seep': None, 'back': None, 'corr': None}"
144.12.12,6,2,True,1681a92f65e744dab69c309b0021ad3f,"no leak, scan bias",050a4f52926545ed855f8f3ef3b98c25,0.001,0.001,0.005,0.001,0.02,0.005,0.0002,0.0,0.0,0.0,0.0,123587.597874,309,0.061793798937,2.575e-05,1.4648474589953043e-06,0.936459,0.0,0.98556875,11.15236475,2000000,43,ms,200,osd_cs,7,0,True,0.0,"{'prep': 0.001, 'id_s': 0.001, 'id_l': 0.005, 'cnot': 0.001, 'meas': 0.02, 'bias': None, 'flip': None, 'leak': None, 'seep': None, 'back': None, 'corr': None}"
144.12.12,6,2,True,5570976e3dde419385277c1860c48c5c,"no leak, scan meas, bias and id_l",050a4f52926545ed855f8f3ef3b98c25,0.001,0.001,0.004,0.001,0.03,0.02,0.0002,0.0,0.0,0.0,0.0,124125.252358,258,0.062062626179,2.15e-05,1.3385171443927545e-06,0.943418691550926,0.0,0.984147,11.49480725,2000000,43,ms,200,osd_cs,7,0,True,0.0,"{'prep': 0.001, 'id_s': 0.001, 'id_l': 0.005, 'cnot': 0.001, 'meas': 0.02, 'bias': None, 'flip': None, 'leak': None, 'seep': None, 'back': None, 'corr': None}"
144.12.12,6,2,True,55c3e0ca24be44ca82d91390112b20c3,"no leak, scan bias",050a4f52926545ed855f8f3ef3b98c25,0.001,0.001,0.005,0.001,0.02,0.01,0.0002,0.0,0.0,0.0,0.0,127545.025634,287,0.063772512817,2.3916666666666668e-05,1.4117393131560035e-06,0.939758542824074,0.0,0.9866355,10.6617905,2000000,43,ms,200,osd_cs,7,0,True,0.0,"{'prep': 0.001, 'id_s': 0.001, 'id_l': 0.005, 'cnot': 0.001, 'meas': 0.02, 'bias': None, 'flip': None, 'leak': None, 'seep': None, 'back': None, 'corr': None}"
144.12.12,6,2,True,d4686cf8f0e94508a89073df50e00eca,"no leak, scan meas, bias and id_l",050a4f52926545ed855f8f3ef3b98c25,0.001,0.001,0.003,0.001,0.04,0.04,0.0002,0.0,0.0,0.0,0.0,127700.622341,148,0.0638503111705,1.2333333333333333e-05,1.013787503302271e-06,0.954464568287037,0.0,0.98412875,11.1796835,2000000,43,ms,200,osd_cs,7,0,True,0.0,"{'prep': 0.001, 'id_s': 0.001, 'id_l': 0.005, 'cnot': 0.001, 'meas': 0.02, 'bias': None, 'flip': None, 'leak': None, 'seep': None, 'back': None, 'corr': None}"
144.12.12,6,2,True,4b64a405192e4fcd967e145ca96ac97a,"no leak, scan meas, bias and id_l",050a4f52926545ed855f8f3ef3b98c25,0.001,0.001,0.005,0.001,0.02,0.0001,0.0002,0.0,0.0,0.0,0.0,128646.378923,347,0.0643231894615,2.8916666666666667e-05,1.55230555661183e-06,0.9332674537037036,0.0,0.984123,11.727541,2000000,43,ms,200,osd_cs,7,0,True,0.0,"{'prep': 0.001, 'id_s': 0.001, 'id_l': 0.005, 'cnot': 0.001, 'meas': 0.02, 'bias': None, 'flip': None, 'leak': None, 'seep': None, 'back': None, 'corr': None}"
144.12.12,6,2,True,75c97d9a64c44a19a2a3d23839766669,"no leak, scan meas, bias and id_l",050a4f52926545ed855f8f3ef3b98c25,0.001,0.001,0.0035,0.001,0.035,0.03,0.0002,0.0,0.0,0.0,0.0,128846.448428,188,0.064423224214,1.5666666666666667e-05,1.142600149593834e-06,0.948827078125,0.0,0.98414975,11.350475,2000000,43,ms,200,osd_cs,7,0,True,0.0,"{'prep': 0.001, 'id_s': 0.001, 'id_l': 0.005, 'cnot': 0.001, 'meas': 0.02, 'bias': None, 'flip': None, 'leak': None, 'seep': None, 'back': None, 'corr': None}"
144.12.12,6,2,True,84deac844f1445ea923553be7b91775b,"no leak, scan bias",050a4f52926545ed855f8f3ef3b98c25,0.001,0.001,0.005,0.001,0.02,0.0001,0.0002,0.0,0.0,0.0,0.0,130079.419271,347,0.0650397096355,2.8916666666666667e-05,1.55230555661183e-06,0.9332674537037036,0.0,0.984123,11.727541,2000000,43,ms,200,osd_cs,7,0,True,0.0,"{'prep': 0.001, 'id_s': 0.001, 'id_l': 0.005, 'cnot': 0.001, 'meas': 0.02, 'bias': None, 'flip': None, 'leak': None, 'seep': None, 'back': None, 'corr': None}"
144.12.12,6,2,False,070dd0144792408ebf29e675546d1352,"no leak, scan bias",050a4f52926545ed855f8f3ef3b98c25,0.001,0.001,0.005,0.001,0.02,0.005,0.0002,0.0,0.0,0.0,0.0,131743.353041,331,0.0658716765205,2.758333333333333e-05,1.5160962066289296e-06,0.4999684988425926,0.0,0.98398875,11.76325025,2000000,43,ms,200,osd_cs,7,0,True,0.0,"{'prep': 0.001, 'id_s': 0.001, 'id_l': 0.005, 'cnot': 0.001, 'meas': 0.02, 'bias': None, 'flip': None, 'leak': None, 'seep': None, 'back': None, 'corr': None}"
144.12.12,6,2,False,a44ec289938b4601a4ce41a6cebf86c0,"no leak, scan meas, bias and id_l",050a4f52926545ed855f8f3ef3b98c25,0.001,0.001,0.005,0.001,0.02,0.0001,0.0002,0.0,0.0,0.0,0.0,131469.011656,342,0.065734505828,2.85e-05,1.5410815398608862e-06,0.4999684988425926,0.0,0.98416225,11.709203,2000000,43,ms,200,osd_cs,7,0,True,0.0,"{'prep': 0.001, 'id_s': 0.001, 'id_l': 0.005, 'cnot': 0.001, 'meas': 0.02, 'bias': None, 'flip': None, 'leak': None, 'seep': None, 'back': None, 'corr': None}"
144.12.12,6,2,False,331895bcdfd7484b8fa589c01915613b,"no leak, scan bias",050a4f52926545ed855f8f3ef3b98c25,0.001,0.001,0.005,0.001,0.02,0.0001,0.0002,0.0,0.0,0.0,0.0,133650.533529,342,0.0668252667645,2.85e-05,1.5410815398608862e-06,0.4999684988425926,0.0,0.98416225,11.709203,2000000,43,ms,200,osd_cs,7,0,True,0.0,"{'prep': 0.001, 'id_s': 0.001, 'id_l': 0.005, 'cnot': 0.001, 'meas': 0.02, 'bias': None, 'flip': None, 'leak': None, 'seep': None, 'back': None, 'corr': None}"
144.12.12,6,2,False,9151884cc59d45088496f30ac1beae08,"no leak, scan bias",050a4f52926545ed855f8f3ef3b98c25,0.001,0.001,0.005,0.001,0.02,0.01,0.0002,0.0,0.0,0.0,0.0,136164.031914,333,0.068082015957,2.775e-05,1.5206695328456475e-06,0.4999684988425926,0.0,0.9836685,11.874272,2000000,43,ms,200,osd_cs,7,0,True,0.0,"{'prep': 0.001, 'id_s': 0.001, 'id_l': 0.005, 'cnot': 0.001, 'meas': 0.02, 'bias': None, 'flip': None, 'leak': None, 'seep': None, 'back': None, 'corr': None}"
144.12.12,6,2,False,9fd66aa6928a4b2fac583425b649a264,"no leak, scan bias",050a4f52926545ed855f8f3ef3b98c25,0.001,0.001,0.005,0.001,0.02,0.015,0.0002,0.0,0.0,0.0,0.0,136247.484003,349,0.0681237420015,2.9083333333333333e-05,1.5567725024618388e-06,0.4999684988425926,0.0,0.9831215,12.0407795,2000000,43,ms,200,osd_cs,7,0,True,0.0,"{'prep': 0.001, 'id_s': 0.001, 'id_l': 0.005, 'cnot': 0.001, 'meas': 0.02, 'bias': None, 'flip': None, 'leak': None, 'seep': None, 'back': None, 'corr': None}"
144.12.12,6,2,False,ad8f234e4b9c4a73979f8e3ad690c7e5,"no leak, scan bias",050a4f52926545ed855f8f3ef3b98c25,0.001,0.001,0.005,0.001,0.02,0.02,0.0002,0.0,0.0,0.0,0.0,140448.110076,344,0.070224055038,2.8666666666666668e-05,1.5455809287796637e-06,0.4999684988425926,0.0,0.98236825,12.28421775,2000000,43,ms,200,osd_cs,7,0,True,0.0,"{'prep': 0.001, 'id_s': 0.001, 'id_l': 0.005, 'cnot': 0.001, 'meas': 0.02, 'bias': None, 'flip': None, 'leak': None, 'seep': None, 'back': None, 'corr': None}"
144.12.12,6,2,False,95ad33b52db14c99851f74359961b515,"no leak, scan meas, bias and id_l",050a4f52926545ed855f8f3ef3b98c25,0.001,0.001,0.0045,0.001,0.025,0.01,0.0002,0.0,0.0,0.0,0.0,142789.148584,381,0.071394574292,3.175e-05,1.6265759521537871e-06,0.500006282986111,0.0,0.9800135,13.1257715,2000000,43,ms,200,osd_cs,7,0,True,0.0,"{'prep': 0.001, 'id_s': 0.001, 'id_l': 0.005, 'cnot': 0.001, 'meas': 0.02, 'bias': None, 'flip': None, 'leak': None, 'seep': None, 'back': None, 'corr': None}"
144.12.12,6,2,False,98afd47f0bbd475bba3334df786d8537,"no leak, scan meas, bias and id_l",050a4f52926545ed855f8f3ef3b98c25,0.001,0.001,0.004,0.001,0.03,0.02,0.0002,0.0,0.0,0.0,0.0,155098.740158,423,0.077549370079,3.525e-05,1.7138834421059675e-06,0.5000197604166666,0.0,0.97267125,15.38083225,2000000,43,ms,200,osd_cs,7,0,True,0.0,"{'prep': 0.001, 'id_s': 0.001, 'id_l': 0.005, 'cnot': 0.001, 'meas': 0.02, 'bias': None, 'flip': None, 'leak': None, 'seep': None, 'back': None, 'corr': None}"
144.12.12,6,2,False,edd3de9e2b2b418cb03236472ae56773,"no leak, scan meas, bias and id_l",050a4f52926545ed855f8f3ef3b98c25,0.001,0.001,0.0035,0.001,0.035,0.03,0.0002,0.0,0.0,0.0,0.0,171773.729821,526,0.0858868649104999,4.383333333333333e-05,1.911182268741485e-06,0.4999749027777778,0.0,0.960619,18.75713,2000000,43,ms,200,osd_cs,7,0,True,0.0,"{'prep': 0.001, 'id_s': 0.001, 'id_l': 0.005, 'cnot': 0.001, 'meas': 0.02, 'bias': None, 'flip': None, 'leak': None, 'seep': None, 'back': None, 'corr': None}"
144.12.12,6,2,False,2c8006f5ac5849908a3236ebc44447b1,"no leak, scan meas, bias and id_l",050a4f52926545ed855f8f3ef3b98c25,0.001,0.001,0.003,0.001,0.04,0.04,0.0002,0.0,0.0,0.0,0.0,200830.963743,663,0.1004154818715,5.525e-05,2.145672921593208e-06,0.500048175925926,0.0,0.94160875,23.70220325,2000000,43,ms,200,osd_cs,7,0,True,0.0,"{'prep': 0.001, 'id_s': 0.001, 'id_l': 0.005, 'cnot': 0.001, 'meas': 0.02, 'bias': None, 'flip': None, 'leak': None, 'seep': None, 'back': None, 'corr': None}"
